"Type","Phenotype","AFR","AMR","EAS","EUR","SAS"
"Count","G6PD Deficient",4,2,5,2,0
"Count","G6PD Deficient with CNSHA",1,1,1,0,0
"Count","G6PD Normal",76,1056,146,416,37
"Count","G6PD Variable",10,12,4,3,1
"Percentage","G6PD Deficient",4.3956043956044,0.186741363211951,3.2051282051282,0.475059382422803,0
"Percentage","G6PD Deficient with CNSHA",1.0989010989011,0.0933706816059757,0.641025641025641,0,0
"Percentage","G6PD Normal",83.5164835164835,98.5994397759104,93.5897435897436,98.812351543943,97.3684210526316
"Percentage","G6PD Variable",10.989010989011,1.12044817927171,2.56410256410256,0.712589073634204,2.63157894736842
