"Type","Phenotype","AMR","EAS","EUR","AFR","SAS"
"Count","Indeterminate",2,2,1,0,0
"Count","Intermediate Metabolizer",247,15,150,19,14
"Count","Normal Metabolizer",820,139,261,72,23
"Count","Poor Metabolizer",2,0,9,0,1
"Percentage","Indeterminate",0.186741363211951,1.28205128205128,0.237529691211401,0,0
"Percentage","Intermediate Metabolizer",23.062558356676,9.61538461538462,35.6294536817102,20.8791208791209,36.8421052631579
"Percentage","Normal Metabolizer",76.5639589169001,89.1025641025641,61.9952494061758,79.1208791208791,60.5263157894737
"Percentage","Poor Metabolizer",0.186741363211951,0,2.13776722090261,0,2.63157894736842
