"Type","Phenotype","AFR","AMR","EAS","EUR","SAS"
"Count","Normal Risk",91,1066,155,418,38
"Count","increased risk of aminoglycoside-induced hearing loss",0,1,0,0,0
"Count","normal risk of aminoglycoside-induced hearing loss",0,0,0,1,0
"Count","uncertain risk of aminoglycoside-induced hearing loss",0,4,1,2,0
"Percentage","Normal Risk",100,99.5331465919701,99.3589743589744,99.2874109263658,100
"Percentage","increased risk of aminoglycoside-induced hearing loss",0,0.0933706816059757,0,0,0
"Percentage","normal risk of aminoglycoside-induced hearing loss",0,0,0,0.237529691211401,0
"Percentage","uncertain risk of aminoglycoside-induced hearing loss",0,0.373482726423903,0.641025641025641,0.475059382422803,0
