"Type","Phenotype","AFR","AMR","EAS","EUR","SAS"
"Count","Indeterminate",7,6,1,0,0
"Count","Intermediate Metabolizer",6,107,9,28,2
"Count","Normal Metabolizer",78,943,146,388,36
"Count","Poor Metabolizer",0,15,0,5,0
"Percentage","Indeterminate",7.69230769230769,0.560224089635854,0.641025641025641,0,0
"Percentage","Intermediate Metabolizer",6.59340659340659,9.9906629318394,5.76923076923077,6.65083135391924,5.26315789473684
"Percentage","Normal Metabolizer",85.7142857142857,88.0485527544351,93.5897435897436,92.1615201900238,94.7368421052632
"Percentage","Poor Metabolizer",0,1.40056022408964,0,1.18764845605701,0
