"Type","Phenotype","AFR","AMR","EAS","EUR","SAS"
"Count","Indeterminate",1,33,2,13,1
"Count","Intermediate Metabolizer",50,469,42,156,16
"Count","Normal Metabolizer",20,433,85,203,13
"Count","Poor Metabolizer",19,104,11,26,5
"Count","Rapid Metabolizer",1,32,16,22,2
"Count","Ultrarapid Metabolizer",0,0,0,1,1
"Percentage","Indeterminate",1.0989010989011,3.0812324929972,1.28205128205128,3.08788598574822,2.63157894736842
"Percentage","Intermediate Metabolizer",54.9450549450549,43.7908496732026,26.9230769230769,37.0546318289786,42.1052631578947
"Percentage","Normal Metabolizer",21.978021978022,40.4295051353875,54.4871794871795,48.2185273159145,34.2105263157895
"Percentage","Poor Metabolizer",20.8791208791209,9.71055088702148,7.05128205128205,6.17577197149644,13.1578947368421
"Percentage","Rapid Metabolizer",1.0989010989011,2.98786181139122,10.2564102564103,5.22565320665083,5.26315789473684
"Percentage","Ultrarapid Metabolizer",0,0,0,0.237529691211401,2.63157894736842
