"Type","Phenotype","AMR","EAS","EUR","SAS","AFR"
"Count","Indeterminate",33,4,1,0,0
"Count","Intermediate Metabolizer",98,23,7,5,0
"Count","Normal Metabolizer",928,128,413,33,91
"Count","Poor Metabolizer",3,0,0,0,0
"Count","Possible Intermediate Metabolizer",9,1,0,0,0
"Percentage","Indeterminate",3.0812324929972,2.56410256410256,0.237529691211401,0,0
"Percentage","Intermediate Metabolizer",9.15032679738562,14.7435897435897,1.66270783847981,13.1578947368421,0
"Percentage","Normal Metabolizer",86.6479925303455,82.051282051282,98.0997624703088,86.8421052631579,100
"Percentage","Poor Metabolizer",0.280112044817927,0,0,0,0
"Percentage","Possible Intermediate Metabolizer",0.840336134453782,0.641025641025641,0,0,0
