"Type","Phenotype","AFR","AMR","EAS","EUR","SAS"
"Count","Decreased Function",12,200,41,108,3
"Count","Increased Function",2,7,0,14,1
"Count","Indeterminate",13,28,1,14,0
"Count","Normal Function",63,821,110,266,34
"Count","Poor Function",0,9,3,16,0
"Count","Possible Decreased Function",1,6,1,3,0
"Percentage","Decreased Function",13.1868131868132,18.6741363211951,26.2820512820513,25.6532066508314,7.89473684210526
"Percentage","Increased Function",2.1978021978022,0.65359477124183,0,3.32541567695962,2.63157894736842
"Percentage","Indeterminate",14.2857142857143,2.61437908496732,0.641025641025641,3.32541567695962,0
"Percentage","Normal Function",69.2307692307692,76.6573295985061,70.5128205128205,63.1828978622328,89.4736842105263
"Percentage","Poor Function",0,0.840336134453782,1.92307692307692,3.80047505938242,0
"Percentage","Possible Decreased Function",1.0989010989011,0.560224089635854,0.641025641025641,0.712589073634204,0
