"Type","Phenotype","AFR","AMR","EUR","EAS","SAS"
"Count","Indeterminate Activity",1,5,9,0,0
"Count","Mild Deficiency",30,195,131,28,5
"Count","Moderate Deficiency",4,30,27,5,4
"Count","Normal Activity",56,841,254,123,29
"Percentage","Indeterminate Activity",1.0989010989011,0.466853408029879,2.13776722090261,0,0
"Percentage","Mild Deficiency",32.967032967033,18.2072829131653,31.1163895486936,17.9487179487179,13.1578947368421
"Percentage","Moderate Deficiency",4.3956043956044,2.80112044817927,6.41330166270784,3.2051282051282,10.5263157894737
"Percentage","Normal Activity",61.5384615384615,78.5247432306256,60.332541567696,78.8461538461538,76.3157894736842
