"Type","Phenotype","AFR","AMR","EAS","EUR","SAS"
"Count","Indeterminate",11,68,10,27,3
"Count","Intermediate Metabolizer",20,273,45,155,9
"Count","Normal Metabolizer",57,689,98,209,25
"Count","Poor Metabolizer",3,39,3,30,1
"Count","Ultrarapid Metabolizer",0,2,0,0,0
"Percentage","Indeterminate",12.0879120879121,6.34920634920635,6.41025641025641,6.41330166270784,7.89473684210526
"Percentage","Intermediate Metabolizer",21.978021978022,25.4901960784314,28.8461538461538,36.8171021377672,23.6842105263158
"Percentage","Normal Metabolizer",62.6373626373626,64.3323996265173,62.8205128205128,49.6437054631829,65.7894736842105
"Percentage","Poor Metabolizer",3.2967032967033,3.64145658263305,1.92307692307692,7.12589073634204,2.63157894736842
"Percentage","Ultrarapid Metabolizer",0,0.186741363211951,0,0,0
