"Type","Phenotype","AFR","AMR","EAS","EUR","SAS"
"Count","Indeterminate",12,89,7,38,4
"Count","Intermediate Metabolizer",36,404,63,164,17
"Count","Normal Metabolizer",29,476,75,182,12
"Count","Poor Metabolizer",14,102,11,37,5
"Percentage","Indeterminate",13.1868131868132,8.30999066293184,4.48717948717949,9.02612826603325,10.5263157894737
"Percentage","Intermediate Metabolizer",39.5604395604396,37.7217553688142,40.3846153846154,38.9548693586698,44.7368421052632
"Percentage","Normal Metabolizer",31.8681318681319,44.4444444444444,48.0769230769231,43.2304038004751,31.5789473684211
"Percentage","Poor Metabolizer",15.3846153846154,9.52380952380952,7.05128205128205,8.78859857482185,13.1578947368421
