"Type","Phenotype","AFR","AMR","SAS","EAS","EUR"
"Count","Indeterminate",1,2,1,0,0
"Count","Intermediate Metabolizer",35,204,12,77,114
"Count","Likely Intermediate Metabolizer",1,0,1,0,0
"Count","Likely Poor Metabolizer",0,1,0,0,0
"Count","Normal Metabolizer",31,774,14,63,258
"Count","Poor Metabolizer",8,15,5,13,5
"Count","Rapid Metabolizer",4,17,0,1,10
"Count","Ultrarapid Metabolizer",11,58,5,2,34
"Percentage","Indeterminate",1.0989010989011,0.186741363211951,2.63157894736842,0,0
"Percentage","Intermediate Metabolizer",38.4615384615385,19.047619047619,31.5789473684211,49.3589743589744,27.0783847980998
"Percentage","Likely Intermediate Metabolizer",1.0989010989011,0,2.63157894736842,0,0
"Percentage","Likely Poor Metabolizer",0,0.0933706816059757,0,0,0
"Percentage","Normal Metabolizer",34.0659340659341,72.2689075630252,36.8421052631579,40.3846153846154,61.2826603325416
"Percentage","Poor Metabolizer",8.79120879120879,1.40056022408964,13.1578947368421,8.33333333333333,1.18764845605701
"Percentage","Rapid Metabolizer",4.3956043956044,1.58730158730159,0,0.641025641025641,2.37529691211401
"Percentage","Ultrarapid Metabolizer",12.0879120879121,5.41549953314659,13.1578947368421,1.28205128205128,8.07600950118765
