"Type","Phenotype","AFR","AMR","EAS","EUR","SAS"
"Count","Intermediate Metabolizer",53,337,65,62,17
"Count","Normal Metabolizer",21,48,11,3,3
"Count","Poor Metabolizer",17,686,80,356,18
"Percentage","Intermediate Metabolizer",58.2417582417582,31.4659197012138,41.6666666666667,14.7268408551069,44.7368421052632
"Percentage","Normal Metabolizer",23.0769230769231,4.48179271708683,7.05128205128205,0.712589073634204,7.89473684210526
"Percentage","Poor Metabolizer",18.6813186813187,64.0522875816993,51.2820512820513,84.5605700712589,47.3684210526316
